maxRadius,0.319265
5,1,0,-1,-1,0,0.444444,0.114993,0.5625,0,0.505051
5,0,0,-1,-1,1,0.388889,0.183522,0.75,0,0.353535
5,0,14,-1,-1,0,0.366667,0.0527425,0.8125,0,0.40404
5,0,13,-1,-1,0,0.4,0.0952512,0.8125,0,0.30303
5,0,0,-1,-1,0,0.322222,0.0484002,0.5625,0,0.606061
5,0,8,-1,-1,0,0.433333,0.147447,0.9375,0,0.505051
5,0,0,-1,-1,0,0.533333,0.140867,0.5625,0,0.606061
5,0,0,-1,-1,1,0.477778,0.0398106,0.5625,0.0410104,0.40404
5,0,14,-1,-1,1,0.3,0.0200255,0.8125,0.0486505,0.363636
5,0,0,-1,-1,0,0.544444,0.142119,0.625,0,0.606061
5,0,8,-1,-1,0,0.544444,0.151136,0.8125,0,0.555556
5,1,9,-1,-1,0,0.6,0.193297,0.0625,0,0.606061
5,0,0,-1,-1,0,0.233333,0.216653,0.5625,0.00594006,0.40404
5,0,11,-1,-1,0,0.3,0.206605,0.8125,0,0.40404
5,0,0,-1,-1,0,0.355556,0.263941,0.5625,0,0.40404
5,0,0,-1,-1,1,0.511111,0.0489114,0.625,0,0.40404
5,0,11,-1,-1,1,0.388889,0.192026,0.875,0,0.40404
5,0,0,-1,-1,0,0.333333,0.138967,0.4375,0,0.454545
5,0,18,-1,-1,0,0.244444,0.0563775,0.625,0,0.30303
5,0,18,-1,-1,0,0.2,0.127326,0.5625,0,0.40404
5,0,0,-1,-1,1,0.444444,0.145643,0.8125,0,0.454545
5,0,15,-1,-1,0,0.666667,0.0786062,0.4375,0,0.40404
5,0,14,-1,-1,0,0.455556,0.0385484,0.8125,0,0.707071
5,0,0,-1,-1,1,0.4,0.124305,0.8125,0,0.40404
5,0,0,-1,-1,0,0.444444,0.0657962,0.625,0,0.484848
5,0,13,-1,-1,0,0.7,0.200881,0.8125,0.106051,0.40404
5,0,13,-1,-1,0,0.688889,0.123752,0.625,0,0.40404
5,0,13,-1,-1,0,0.422222,0.043998,0.9375,0,0.40404
5,0,19,-1,-1,0,0.655556,0.131458,0.8125,0,0.727273
5,0,13,-1,-1,0,0.611111,0.0970368,0.8125,0,0.181818
5,0,13,-1,-1,1,0.466667,0.147877,0.875,0,0.383838
5,0,0,-1,-1,0,0.388889,0.08532,0.5625,0,0.484848
5,0,0,-1,-1,0,0.566667,0.264218,0.5625,0,0.40404
5,0,0,-1,-1,0,0.388889,0.158214,0.625,0.0240702,0.40404
5,0,0,-1,-1,0,0.388889,0.155708,0.5625,0,0.606061
5,0,13,-1,-1,0,0.755556,0.17328,0.8125,0,0.353535
5,0,18,-1,-1,0,0.188889,0.250094,0.375,0,0.252525
5,0,12,-1,-1,1,0.488889,0.139339,0.5625,0,0.151515
5,0,8,-1,-1,0,0.766667,0.0864468,0.8125,0.0938609,0.505051
5,0,5,-1,-1,0,0.411111,0.0345281,1,0,1
5,0,18,-1,-1,1,0.233333,0.0979245,0.625,0,0.252525
5,0,18,-1,-1,1,0.311111,0.0871958,0.375,0,0.353535
5,0,0,-1,-1,0,0.4,0.114143,0.625,0.0729807,0.40404
5,0,6,-1,-1,0,0.4,0.153307,0.1875,0,0.323232
5,0,18,-1,-1,0,0.255556,0.0650533,0.5625,0,0.30303
5,0,13,-1,-1,0,0.588889,0.112756,0.8125,0,0.40404
5,0,7,-1,-1,0,0.244444,0.159565,0.625,0,0.20202
5,0,7,-1,-1,1,0.288889,0.0881199,0.8125,0,0.10101
5,0,19,-1,-1,1,0.644444,0.0804106,0.6875,0,0.606061
5,0,0,-1,-1,1,0.433333,0.299197,0.5625,0,0.454545
5,0,0,-1,-1,1,0.444444,0.0946713,0.5625,0,0.454545
5,0,0,-1,-1,1,0.433333,0.124017,0.4375,0,0.40404
5,0,0,-1,-1,0,0.444444,0.097614,0.625,0,0.40404
5,0,14,-1,-1,0,0.288889,0.145069,0.8125,0,0.555556
5,0,0,-1,-1,0,0.611111,0.171717,0.5625,0,0.40404
5,0,18,-1,-1,0,0.244444,0.12391,0.5625,0,0.40404
5,0,0,-1,-1,0,0.622222,0.0760016,0.5625,0,0.555556
5,0,0,-1,-1,0,0.422222,0.120953,0.5625,0,0.40404
5,0,11,-1,-1,0,0.266667,0.271886,0.625,0,0.40404
5,0,0,-1,-1,0,0.677778,0.0880202,0.625,0,0.424242
5,0,0,-1,-1,1,0.488889,0.153649,0.5625,0,0.40404
5,1,19,-1,-1,1,0.655556,0.0546284,0.625,0,0.808081
5,0,0,-1,-1,0,0.411111,0.124645,0.625,0,0.555556
5,0,0,-1,-1,0,0.366667,0.154722,0.5625,0,0.383838
5,0,20,-1,-1,1,0.777778,0.112721,0.3125,0.0111101,0.151515
5,0,7,-1,-1,0,0.244444,0.099277,0.8125,0,0.20202
5,0,14,-1,-1,0,0.255556,0.121277,0.8125,0,0.505051
5,0,0,-1,-1,0,0.311111,0.182842,0.5625,0,0.454545
5,0,0,-1,-1,0,0.344444,0.0369966,0.625,0,0.606061
5,0,0,-1,-1,1,0.222222,0.159833,0.625,0,0.353535
5,1,18,-1,-1,0,0.188889,0.0282743,0.375,0,0.40404
5,0,0,-1,-1,1,0.333333,0.152854,0.5625,0,0.353535
5,0,13,-1,-1,0,0.477778,0.102484,0.8125,0,0.40404
5,0,0,-1,-1,0,0.555556,0.228971,0.6875,0,0.40404
5,1,8,-1,-1,0,0.588889,0.134518,1,0.150242,0.606061
5,0,0,-1,-1,1,0.522222,0.146662,0.5625,0,0.353535
5,0,7,-1,-1,1,0.233333,0.0780593,0.625,0,0.20202
5,0,0,-1,-1,1,0.377778,0.0624245,0.5625,0.0486505,0.40404
5,0,0,-1,-1,0,0.422222,0.121013,0.5625,0,0.40404
5,0,14,-1,-1,1,0.311111,0.0942295,0.8125,0,0.40404
5,0,19,-1,-1,1,0.633333,0.14967,0.625,0,0.606061
5,0,0,-1,-1,1,0.466667,0.0387956,0.5625,0,0.454545
5,0,0,-1,-1,1,0.5,0.0178635,0.625,0,0.353535
5,0,13,-1,-1,0,0.766667,0.135084,0.8125,0,0.20202
5,0,0,-1,-1,0,0.344444,0.195144,0.625,0,0.40404
5,0,0,-1,-1,0,0.444444,0.132032,0.5625,0,0.454545
5,0,20,-1,-1,0,0.844444,0.0909534,0.5625,0,0.20202
5,0,0,-1,-1,1,0.4,0.0970927,0.5625,0,0.40404
5,0,0,-1,-1,0,0.366667,0.226349,0.5625,0,0.505051
5,0,15,-1,-1,0,0.711111,0.122066,0.4375,0,0.40404
5,0,0,-1,-1,1,0.466667,0.130414,0.5625,0,0.535354
5,0,0,-1,-1,0,0.277778,0.131419,0.5625,0,0.353535
5,0,0,-1,-1,0,0.3,0.269349,0.5625,0,0.505051
5,0,0,-1,-1,1,0.455556,0.0852843,0.4375,0,0.40404
5,0,13,-1,-1,1,0.611111,0.294241,0.875,0.140841,0.40404
5,0,13,-1,-1,1,0.488889,0.232316,0.8125,0,0.20202
5,0,13,-1,-1,0,0.466667,0.143391,0.8125,0,0.40404
5,0,11,-1,-1,0,0.255556,0.256132,0.75,0,0.252525
5,0,15,-1,-1,0,0.588889,0.131887,0.1875,0.0517805,0.40404
5,0,0,-1,-1,1,0.255556,0.0484029,0.625,0,0.353535
5,0,14,-1,-1,1,0.344444,0.0800839,0.8125,0,0.454545
5,0,0,-1,-1,0,0.422222,0.123445,0.625,0,0.434343
5,0,13,-1,-1,0,0.544444,0.0822157,0.875,0,0.454545
5,0,0,-1,-1,0,0.255556,0.118625,0.5625,0,0.40404
5,0,0,-1,-1,1,0.488889,0.282301,0.5625,0,0.40404
5,0,11,-1,-1,0,0.255556,0.20397,0.75,0,0.40404
5,0,0,-1,-1,0,0.477778,0.0989476,0.625,0,0.40404
5,0,0,-1,-1,0,0.366667,0.234492,0.5625,0,0.40404
5,0,0,-1,-1,0,0.622222,0.0777407,0.5625,0,0.353535
5,0,13,-1,-1,0,0.744444,0.157392,0.75,0,0.353535
5,0,14,-1,-1,0,0.277778,0.113425,0.8125,0,0.40404
5,1,10,-1,-1,0,0.344444,0.024646,0.5625,0,0.919192
5,0,0,-1,-1,0,0.422222,0.107213,0.5625,0,0.40404
5,0,13,-1,-1,0,0.688889,0.156467,0.8125,0,0.40404
5,0,6,-1,-1,0,0.266667,0.163917,0.0625,0,0.363636
5,0,14,-1,-1,0,0.366667,0.134186,0.8125,0,0.555556
5,0,0,-1,-1,0,0.411111,0.0275846,0.625,0,0.40404
5,0,0,-1,-1,0,0.588889,0.0828521,0.5625,0,0.40404
5,0,0,-1,-1,1,0.411111,0.0645616,0.4375,0,0.40404
5,0,18,-1,-1,0,0.222222,0.0707083,0.5625,0,0.40404
5,0,0,-1,-1,1,0.3,0.127567,0.625,0,0.40404
5,0,0,-1,-1,0,0.333333,0.10412,0.5625,0,0.40404
5,0,18,-1,-1,0,0.2,0.076234,0.4375,0,0.252525
5,0,13,-1,-1,0,0.522222,0.11267,0.8125,0,0.40404
5,0,8,-1,-1,0,0.511111,0.052892,0.8125,0,0.606061
5,0,17,-1,-1,0,0.444444,0.194923,0.25,0,0.40404
5,0,14,-1,-1,0,0.277778,0.129502,0.8125,0,0.40404
5,0,0,-1,-1,0,0.422222,0.087284,0.625,0,0.40404
5,0,20,-1,-1,0,0.766667,0.227466,0.5625,0,0.242424
5,1,12,-1,-1,1,0.433333,0.214464,0.375,0,0.121212
5,0,0,-1,-1,0,0.444444,0.0685624,0.5625,0,0.424242
5,0,0,-1,-1,1,0.277778,0.238293,0.625,0.0310303,0.40404
5,0,0,-1,-1,1,0.522222,0.120097,0.625,0,0.40404
5,0,0,-1,-1,1,0.455556,0.274415,0.5,0,0.40404
5,0,0,-1,-1,1,0.277778,0.0388192,0.6875,0,0.424242
5,0,0,-1,-1,0,0.388889,0.134541,0.625,0,0.606061
5,0,0,-1,-1,1,0.388889,0.0652143,0.625,0,0.40404
5,0,0,-1,-1,0,0.288889,0.130197,0.5625,0,0.40404
5,0,0,-1,-1,1,0.322222,0.128207,0.5,0,0.353535
5,0,18,-1,-1,0,0.311111,0.1853,0.375,0,0.40404
5,0,0,-1,-1,1,0.488889,0.0759727,0.3125,0,0.505051
5,0,7,-1,-1,1,0.311111,0.0768893,0.8125,0,0.151515
5,0,0,-1,-1,1,0.477778,0.108219,0.5625,0,0.40404
5,0,0,-1,-1,1,0.333333,0.182243,0.5625,0,0.40404
5,0,15,-1,-1,0,0.766667,0.123033,0.5625,0,0.454545
5,0,20,-1,-1,0,0.666667,0.156778,0.4375,0,0.20202
5,0,18,-1,-1,1,0.222222,0.0674801,0.625,0,0.242424
5,0,15,-1,-1,0,0.566667,0.0814397,0.25,0.0296103,0.40404
5,0,15,-1,-1,1,0.666667,0.215784,0.25,0,0.40404
5,0,0,-1,-1,1,0.544444,0.104056,0.5625,0,0.444444
5,0,0,-1,-1,1,0.455556,0.136608,0.5625,0,0.323232
5,0,13,-1,-1,1,0.577778,0.147201,0.625,0.140841,0.161616
5,0,0,-1,-1,1,0.477778,0.0956621,0.5625,0,0.40404
5,0,20,-1,-1,1,0.766667,0.110187,0.5625,0,0.20202
5,0,0,-1,-1,1,0.466667,0.0204916,0.4375,0,0.383838
5,0,11,-1,-1,0,0.277778,0.225637,0.8125,0,0.353535
5,0,0,-1,-1,0,0.344444,0.238744,0.5625,0,0.40404
5,0,11,-1,-1,1,0.255556,0.219519,0.6875,0,0.363636
5,1,15,-1,-1,0,0.733333,0.0459478,0.3125,0,0.40404
5,0,16,-1,-1,0,0.433333,0.247362,0.5625,0,0.808081
5,1,21,-1,-1,0,0.266667,0.101807,0.625,1,0.505051
5,0,13,-1,-1,0,0.555556,0.123194,0.5625,0,0.252525
5,0,21,-1,-1,0,0.377778,0.0333191,0.8125,1,0.505051
5,0,0,-1,-1,0,0.3,0.141778,0.5625,0.0517805,0.40404
5,0,18,-1,-1,0,0.211111,0.159221,0.4375,0,0.40404
5,0,9,-1,-1,0,0.511111,0.18861,0.1875,0,0.40404
5,0,0,-1,-1,0,0.244444,0.0593559,0.625,0,0.40404
5,0,8,-1,-1,0,0.655556,0.0985994,1,0,0.505051
5,0,0,-1,-1,1,0.255556,0.123893,0.625,0,0.606061
5,0,19,-1,-1,0,0.666667,0.0169333,0.625,0,0.606061
5,0,6,-1,-1,0,0.333333,0.199709,0.25,0,0.454545
5,0,13,-1,-1,0,0.677778,0.0927679,0.625,0,0.252525
5,0,13,-1,-1,0,0.722222,0.227867,0.625,0,0.40404
5,0,0,-1,-1,0,0.488889,0.0255923,0.5625,0,0.606061
5,0,13,-1,-1,0,0.433333,0.117827,0.8125,0,0.40404
5,0,0,-1,-1,0,0.344444,0.0539218,0.5625,0,0.646465
5,0,13,-1,-1,0,0.4,0.125301,0.9375,0,0.30303
5,0,0,-1,-1,0,0.3,0.148085,0.5625,0,0.40404
5,0,11,-1,-1,1,0.255556,0.209722,0.6875,0,0.40404
5,0,13,-1,-1,0,0.566667,0.149209,0.8125,0,0.40404
5,0,0,-1,-1,1,0.4,0.0800893,0.75,0,0.40404
5,0,0,-1,-1,0,0.566667,0.175751,0.625,0,0.505051
5,0,18,-1,-1,0,0.3,0.108295,0.4375,0,0.454545
5,0,7,-1,-1,0,0.211111,0.117782,0.625,0,0.232323
5,0,0,-1,-1,1,0.522222,0.139192,0.625,0,0.40404
5,0,18,-1,-1,0,0.288889,0.198008,0.375,0,0.40404
5,0,14,-1,-1,0,0.322222,0.0769338,0.8125,0,0.40404
5,0,20,-1,-1,0,0.777778,0.0997269,0.625,0,0.040404
5,0,0,-1,-1,0,0.4,0.0491835,0.5625,0,0.555556
5,0,14,-1,-1,0,0.333333,0.0815933,0.8125,0,0.40404
5,0,11,-1,-1,1,0.311111,0.408237,1,0,0.606061
5,0,0,-1,-1,0,0.255556,0.210154,0.625,0,0.40404
5,0,0,-1,-1,0,0.388889,0.118625,0.375,0,0.606061
5,1,3,-1,-1,1,1,0.172771,0.8125,0.0099101,0.10101
5,0,18,-1,-1,0,0.211111,0.045638,0.5625,0,0.434343
5,0,0,-1,-1,1,0.255556,0.130387,0.5625,0.0390804,0.40404
5,0,19,-1,-1,0,0.533333,0.124276,0.8125,0,0.808081
5,0,7,-1,-1,1,0.222222,0.107292,0.625,0,0.151515
5,0,0,-1,-1,0,0.355556,0.147105,0.625,0,0.707071
5,0,6,-1,-1,0,0.322222,0.172072,0.25,0,0.30303
5,0,0,-1,-1,0,0.455556,0.100969,0.8125,0.0768808,0.505051
5,0,0,-1,-1,1,0.355556,0.0430456,0.5625,0,0.40404
5,0,0,-1,-1,0,0.266667,0.128449,0.625,0,0.656566
5,0,0,-1,-1,1,0.311111,0.108426,0.625,0,0.525253
5,0,14,-1,-1,1,0.277778,0.0611246,0.8125,0,0.505051
5,0,14,-1,-1,1,0.288889,0.149273,0.8125,0,0.40404
5,0,18,-1,-1,1,0.233333,0.100786,0.625,0,0.252525
5,0,0,-1,-1,0,0.355556,0.10642,0.625,0,0.555556
5,0,0,-1,-1,0,0.222222,0.0770234,0.625,0,0.40404
5,0,13,-1,-1,1,0.466667,0.176737,0.8125,0,0.40404
5,0,7,-1,-1,0,0.233333,0.207025,0.625,0,0.151515
5,0,0,-1,-1,0,0.377778,0.0822493,0.625,0,0.40404
5,0,0,-1,-1,0,0.644444,0.117954,0.5625,0,0.40404
5,0,14,-1,-1,0,0.4,0.105521,0.8125,0,0.505051
5,0,0,-1,-1,1,0.311111,0.077769,0.5625,0,0.40404
5,0,0,-1,-1,0,0.3,0.140484,0.625,0,0.454545
5,0,0,-1,-1,0,0.388889,0.125122,0.625,0,0.40404
5,0,21,-1,-1,0,0.311111,0.0251626,0.6875,1,0.505051
5,0,0,-1,-1,0,0.477778,0.125164,0.625,0,0.484848
5,0,15,-1,-1,0,0.722222,0.0250353,0.25,0,0.20202
5,0,0,-1,-1,0,0.4,0.235037,0.5625,0,0.505051
5,0,0,-1,-1,0,0.544444,0.0401507,0.625,0,0.444444
5,0,0,-1,-1,0,0.422222,0.146193,0.625,0,0.40404
5,0,0,-1,-1,1,0.411111,0.0245335,0.5625,0,0.40404
5,0,18,-1,-1,0,0.211111,0.092184,0.5625,0,0.454545
5,0,0,-1,-1,1,0.4,0.128207,0.5625,0,0.40404
5,0,19,-1,-1,0,0.488889,0.0600604,0.8125,0,0.808081
5,0,0,-1,-1,0,0.322222,0.109323,0.625,0,0.454545
5,0,0,-1,-1,1,0.688889,0.130778,0.5625,0.0217402,0.40404
5,0,0,-1,-1,1,0.588889,0.0204014,0.5625,0,0.40404
5,1,16,-1,-1,0,0.355556,0.407156,0.5625,0,0.727273
5,0,0,-1,-1,1,0.5,0.113718,0.625,0,0.40404
5,0,0,-1,-1,0,0.522222,0.221065,0.625,0.0729807,0.40404
5,0,0,-1,-1,1,0.377778,0.132123,0.5625,0,0.353535
5,0,14,-1,-1,1,0.377778,0.0383672,1,0,0.505051
5,0,12,-1,-1,0,0.4,0.153694,0.5625,0,0.20202
5,0,0,-1,-1,0,0.477778,0.145953,0.625,0,0.323232
5,0,0,-1,-1,1,0.3,0.020076,0.5625,0,0.40404
5,0,0,-1,-1,0,0.577778,0.0792575,0.5625,0,0.555556
5,0,0,-1,-1,0,0.677778,0.0867836,0.5625,0.0347103,0.40404
5,0,15,-1,-1,1,0.633333,0.0734254,0.5,0,0.40404
5,0,0,-1,-1,0,0.5,0.184006,0.5625,0.0313703,0.353535
5,0,7,-1,-1,1,0.266667,0.152033,0.8125,0,0.20202
5,0,0,-1,-1,0,0.244444,0.027458,0.625,0,0.40404
5,0,0,-1,-1,0,0.277778,0.14374,0.625,0,0.40404
5,0,0,-1,-1,0,0.544444,0.36635,0.5625,0,0.424242
5,0,7,-1,-1,0,0.266667,0.255314,0.625,0,0.242424
5,0,12,-1,-1,1,0.444444,0.0567332,0.5625,0,0.040404
5,0,0,-1,-1,0,0.555556,0.0373993,0.75,0,0.454545
5,0,10,-1,-1,0,0.333333,0.0718944,0.5,0,0.757576
5,0,18,-1,-1,0,0.222222,0.092877,0.5625,0,0.454545
5,0,0,-1,-1,0,0.577778,0.251476,0.4375,0,0.40404
5,0,18,-1,-1,0,0.2,0.0366672,0.625,0,0.30303
5,0,7,-1,-1,0,0.233333,0.066463,0.625,0,0.151515
5,0,14,-1,-1,0,0.366667,0.160987,1,0,0.606061
5,0,13,-1,-1,0,0.555556,0.0987422,0.9375,0,0.40404
5,0,13,-1,-1,0,0.466667,0.135714,0.8125,0,0.40404
5,0,18,-1,-1,0,0.222222,0.0797882,0.5625,0,0.434343
5,0,0,-1,-1,0,0.411111,0.125301,0.75,0,0.555556
5,0,7,-1,-1,0,0.2,0.123016,0.625,0,0.0909091
5,0,0,-1,-1,1,0.366667,0.0274001,0.75,0,0.40404
5,0,14,-1,-1,1,0.255556,0.124113,0.8125,0,0.363636
5,0,18,-1,-1,1,0.222222,0.146441,0.5625,0,0.40404
5,0,0,-1,-1,1,0.577778,0.0833701,0.5625,0,0.383838
5,0,0,-1,-1,0,0.411111,0.24613,0.625,0.0517805,0.40404
5,0,14,-1,-1,0,0.366667,0.121971,0.8125,0,0.606061
5,0,0,-1,-1,0,0.655556,0.0746411,0.5625,0,0.383838
5,0,18,-1,-1,0,0.244444,0.0222852,0.5625,0,0.454545
5,0,15,-1,-1,0,0.644444,0.0298012,0.3125,0,0.40404
5,0,0,-1,-1,1,0.277778,0.111345,0.5625,0,0.373737
5,0,0,-1,-1,0,0.466667,0.151675,0.5625,0,0.40404
5,0,13,-1,-1,0,0.522222,0.129223,0.75,0,0.40404
5,0,0,-1,-1,0,0.466667,0.0937062,0.625,0,0.40404
5,0,0,-1,-1,1,0.355556,0.149663,0.625,0,0.40404
5,0,0,-1,-1,0,0.555556,0.0424327,0.625,0,0.606061
5,0,0,-1,-1,1,0.3,0.108498,0.5625,0,0.40404
5,0,8,-1,-1,1,0.611111,0.0255061,1,0,0.606061
5,0,13,-1,-1,0,0.611111,0.133457,0.8125,0.0729807,0.40404
5,0,0,-1,-1,0,0.388889,0.109551,0.8125,0,0.40404
5,0,7,-1,-1,1,0.233333,0.15518,0.625,0,0.0505051
5,0,13,-1,-1,0,0.466667,0.127169,0.8125,0,0.30303
5,0,13,-1,-1,0,0.488889,0.0978282,0.875,0,0.444444
5,0,0,-1,-1,1,0.444444,0.130354,0.625,0,0.40404
5,0,0,-1,-1,0,0.333333,0.175808,0.625,0,0.505051
5,0,14,-1,-1,0,0.366667,0.12679,0.875,0.0729807,0.454545
5,0,0,-1,-1,0,0.4,0.0932448,0.75,0,0.555556
5,0,15,-1,-1,0,0.711111,0.114414,0.5625,0,0.454545
5,0,0,-1,-1,0,0.522222,0.136773,0.8125,0,0.505051
5,0,8,-1,-1,0,0.577778,0.0599722,0.875,0.150242,0.606061
5,0,0,-1,-1,0,0.466667,0.0702725,0.5625,0,0.40404
5,0,14,-1,-1,0,0.266667,0.108501,0.8125,0,0.40404
5,0,0,-1,-1,0,0.255556,0.0805985,0.5625,0,0.606061
5,0,17,-1,-1,0,0.277778,0.307548,0.25,0,0.40404
5,0,13,-1,-1,0,0.555556,0.0135913,0.875,0,0.40404
5,0,8,-1,-1,0,0.488889,0.133573,0.8125,0.150242,0.505051
5,0,13,-1,-1,1,0.5,0.113718,0.625,0,0.242424
5,0,6,-1,-1,0,0.333333,0.101704,0.1875,0.0346403,0.40404
5,0,7,-1,-1,1,0.266667,0.0284575,0.8125,0,0.30303
5,0,10,-1,-1,0,0.311111,0.121438,0.5625,0,0.707071
5,0,18,-1,-1,1,0.344444,0.0863606,0.25,0,0.353535
5,0,0,-1,-1,0,0.5,0.209921,0.6875,0.0390804,0.40404
5,0,18,-1,-1,0,0.233333,0.155622,0.5625,0,0.30303
5,0,7,-1,-1,0,0.233333,0.122662,0.625,0,0.151515
5,0,0,-1,-1,0,0.477778,0.124001,0.5625,0,0.505051
5,0,14,-1,-1,1,0.288889,0.122529,0.8125,0,0.454545
5,0,0,-1,-1,0,0.288889,0.108065,0.5625,0,0.40404
5,0,0,-1,-1,0,0.255556,0.17529,0.5625,0,0.40404
5,0,0,-1,-1,1,0.3,0.162193,0.625,0,0.565657
5,0,20,-1,-1,1,0.722222,0.151936,0.5625,0,0.20202
5,1,6,-1,-1,0,0.222222,0.187041,0.0625,0,0.323232
5,0,14,-1,-1,1,0.311111,0.132667,0.8125,0,0.434343
5,0,13,-1,-1,1,0.466667,0.142286,0.8125,0,0.40404
5,0,0,-1,-1,0,0.6,0.0987072,0.5625,0,0.545455
5,0,13,-1,-1,0,0.666667,0.247655,0.75,0,0.40404
5,0,0,-1,-1,0,0.477778,0.130325,0.625,0,0.40404
5,0,11,-1,-1,0,0.255556,0.349987,0.5625,0,0.252525
5,0,0,-1,-1,0,0.677778,0.164401,0.5625,0,0.525253
5,0,0,-1,-1,1,0.588889,0.225958,0.5625,0,0.323232
5,0,13,-1,-1,0,0.488889,0.0701796,0.875,0,0.454545
5,0,0,-1,-1,0,0.311111,0.251698,0.5,0,0.454545
5,0,0,-1,-1,0,0.555556,0.0893888,0.625,0,0.505051
5,0,15,-1,-1,0,0.755556,0.0213679,0.5625,0,0.40404
5,0,8,-1,-1,0,0.511111,0.168172,0.9375,0,0.505051
5,0,12,-1,-1,1,0.4,0.138341,0.5625,0,0.040404
5,0,0,-1,-1,0,0.377778,0.219342,0.5625,0,0.40404
5,0,20,-1,-1,1,0.811111,0.0308371,0.625,0,0.111111
5,0,0,-1,-1,1,0.344444,0.0956675,0.5625,0,0.454545
5,0,8,-1,-1,1,0.433333,0.234363,0.9375,0.140841,0.353535
5,0,18,-1,-1,0,0.344444,0.0412931,0.375,0,0.40404
5,0,14,-1,-1,1,0.288889,0.101182,0.8125,0,0.353535
5,0,0,-1,-1,1,0.366667,0.14367,0.6875,0,0.505051
5,0,7,-1,-1,0,0.266667,0.156878,0.8125,0,0.20202
5,0,13,-1,-1,0,0.566667,0.161807,0.75,0,0.30303
5,0,0,-1,-1,1,0.444444,0.136641,0.75,0,0.454545
5,0,13,-1,-1,0,0.511111,0.0691235,0.875,0,0.40404
5,0,0,-1,-1,0,0.377778,0.09075,0.6875,0,0.40404
5,0,14,-1,-1,1,0.266667,0.0350056,0.8125,0,0.454545
5,0,0,-1,-1,0,0.422222,0.187865,0.625,0,0.444444
5,0,20,-1,-1,1,0.711111,0.187012,0.5625,0,0.242424
5,0,13,-1,-1,1,0.466667,0.0929996,0.875,0,0.383838
5,0,0,-1,-1,0,0.288889,0.262581,0.5625,0,0.40404
5,0,7,-1,-1,0,0.211111,0.109531,0.625,0,0.141414
5,0,0,-1,-1,1,0.433333,0.13222,0.625,0,0.242424
5,0,11,-1,-1,0,0.3,0.25438,0.6875,0,0.505051
5,0,11,-1,-1,0,0.288889,0.191515,0.75,0,0.40404
5,1,14,-1,-1,1,0.2,0.105007,0.875,0,0.606061
5,0,0,-1,-1,1,0.655556,0.166489,0.5625,0,0.40404
5,0,0,-1,-1,0,0.366667,0.159221,0.5625,0,0.353535
5,0,12,-1,-1,1,0.344444,0.103924,0.5625,0,0.242424
5,0,0,-1,-1,0,0.522222,0.130033,0.625,0,0.606061
5,0,8,-1,-1,0,0.611111,0.0897155,0.875,0,0.505051
5,0,0,-1,-1,0,0.311111,0.0349975,0.625,0,0.242424
5,0,14,-1,-1,1,0.255556,0.0818149,0.8125,0,0.40404
5,0,14,-1,-1,0,0.333333,0.0755133,0.8125,0,0.505051
5,0,15,-1,-1,0,0.633333,0.0820506,0.125,0,0.40404
5,0,13,-1,-1,1,0.444444,0.123321,0.8125,0,0.353535
5,0,0,-1,-1,0,0.311111,0.0644741,0.6875,0,0.454545
5,0,11,-1,-1,0,0.211111,0.386791,0.5625,0,0.282828
5,0,14,-1,-1,1,0.266667,0.0815132,0.8125,0,0.40404
5,0,0,-1,-1,0,0.433333,0.120745,0.625,0,0.505051
5,0,7,-1,-1,1,0.233333,0.118782,0.625,0,0.10101
5,0,14,-1,-1,1,0.422222,0.109525,0.875,0,0.606061
5,0,14,-1,-1,1,0.277778,0.12801,0.8125,0,0.40404
5,0,8,-1,-1,0,0.466667,0.215254,0.8125,0,0.606061
5,0,12,-1,-1,0,0.444444,0.133892,0.4375,0,0.30303
5,0,0,-1,-1,0,0.522222,0.110334,0.375,0,0.40404
5,0,0,-1,-1,0,0.3,0.127258,0.625,0.0390804,0.40404
5,0,15,-1,-1,0,0.566667,0.170339,0.375,0,0.40404
5,0,13,-1,-1,0,0.6,0.125174,0.875,0,0.40404
5,0,0,-1,-1,1,0.444444,0.101347,0.75,0,0.40404
5,0,0,-1,-1,0,0.322222,0.110487,0.5625,0,0.40404
5,0,9,-1,-1,1,0.511111,0.138989,0.1875,0,0.40404
5,0,0,-1,-1,1,0.388889,0.160216,0.5625,0,0.40404
5,0,0,-1,-1,1,0.466667,0.0961511,0.625,0,0.353535
5,0,10,-1,-1,1,0.422222,0.0294806,0.625,0.0465005,0.727273
5,0,13,-1,-1,0,0.655556,0.118549,0.625,0,0.40404
5,0,0,-1,-1,1,0.522222,0.102426,0.5625,0,0.40404
5,0,19,-1,-1,0,0.633333,0.071464,0.625,0,0.606061
5,0,0,-1,-1,0,0.355556,0.0886264,0.5625,0.0729807,0.40404
5,0,0,-1,-1,0,0.6,0.124878,0.5625,0.0768808,0.40404
5,0,0,-1,-1,0,0.488889,0.0676761,0.75,0,0.484848
5,0,0,-1,-1,0,0.522222,0.135466,0.625,0,0.505051
5,0,0,-1,-1,1,0.366667,0.059886,0.625,0,0.40404
5,0,13,-1,-1,1,0.6,0.127707,0.8125,0,0.363636
5,0,0,-1,-1,0,0.422222,0.107895,0.5625,0,0.444444
5,0,13,-1,-1,1,0.655556,0.162522,0.625,0.0684907,0.40404
5,0,0,-1,-1,0,0.555556,0.203127,0.5625,0,0.40404
5,0,0,-1,-1,0,0.455556,0.16687,0.5625,0,0.40404
5,0,13,-1,-1,1,0.744444,0.15013,0.6875,0,0.40404
5,1,4,-1,-1,0,0.788889,0.158334,0.0625,0,0.10101
5,0,14,-1,-1,0,0.277778,0.206713,0.8125,0,0.454545
5,0,14,-1,-1,0,0.377778,0.168871,0.8125,0,0.454545
5,0,13,-1,-1,1,0.622222,0.129538,0.625,0,0.20202
5,0,0,-1,-1,0,0.488889,0.13724,0.625,0,0.454545
5,0,0,-1,-1,0,0.455556,0.0331083,0.5625,0,0.40404
5,0,0,-1,-1,0,0.4,0.183837,0.5625,0,0.454545
5,0,18,-1,-1,0,0.222222,0.0379348,0.625,0.0217602,0.252525
5,0,9,-1,-1,0,0.4,0.221233,0.1875,0,0.505051
5,0,13,-1,-1,0,0.677778,0.285105,1,0,0.40404
5,0,15,-1,-1,0,0.622222,0.203296,0.1875,0,0.40404
5,0,0,-1,-1,1,0.555556,0.0981454,0.5625,0,0.353535
5,0,0,-1,-1,0,0.344444,0.121971,0.5625,0,0.505051
5,0,0,-1,-1,0,0.455556,0.0763276,0.5625,0,0.40404
5,0,18,-1,-1,0,0.211111,0.13381,0.5625,0,0.40404
5,0,0,-1,-1,0,0.455556,0.0896205,0.75,0,0.40404
5,1,20,-1,-1,1,0.722222,0.0724858,0.4375,0,0.0808081
5,0,13,-1,-1,0,0.577778,0.10506,0.8125,0,0.40404
5,0,0,-1,-1,0,0.333333,0.151581,0.5625,0,0.505051
5,0,16,-1,-1,0,0.344444,0.279197,0.5,0,0.606061
5,0,12,-1,-1,1,0.388889,0.141438,0.4375,0,0.0808081
5,0,14,-1,-1,1,0.333333,0.198699,0.8125,0,0.606061
5,0,18,-1,-1,1,0.2,0.111641,0.625,0,0.30303
5,0,0,-1,-1,0,0.533333,0.235165,0.5625,0,0.40404
5,0,0,-1,-1,0,0.255556,0.165115,0.625,0,0.40404
5,0,0,-1,-1,0,0.344444,0.0582553,0.6875,0,0.30303
5,0,11,-1,-1,0,0.211111,0.192632,0.625,0,0.30303
5,0,0,-1,-1,0,0.644444,0.203318,0.5625,0,0.40404
5,0,0,-1,-1,0,0.633333,0.214163,0.5625,0,0.505051
5,0,0,-1,-1,0,0.377778,0.0750418,0.5625,0,0.707071
5,0,0,-1,-1,0,0.333333,0.0130006,0.625,0,0.484848
5,0,19,-1,-1,0,0.522222,0.17238,0.625,0,0.808081
5,0,0,-1,-1,0,0.255556,0.190344,0.4375,0.0768808,0.606061
5,0,18,-1,-1,0,0.244444,0.0921173,0.5625,0,0.30303
5,0,13,-1,-1,1,0.633333,0.128475,0.625,0,0.353535
5,0,0,-1,-1,0,0.422222,0.0744976,0.5625,0,0.323232
5,0,18,-1,-1,0,0.233333,0.150193,0.5625,0,0.40404
5,1,13,-1,-1,0,0.644444,0.11788,0.8125,0,0.252525
5,0,14,-1,-1,1,0.266667,0.0225176,0.75,0,0.40404
5,0,0,-1,-1,0,0.433333,0.167044,0.6875,0.0517805,0.40404
5,0,0,-1,-1,0,0.333333,0.150971,0.5625,0,0.40404
5,0,14,-1,-1,0,0.344444,0.0751442,0.8125,0,0.707071
5,0,0,-1,-1,0,0.333333,0.143949,0.625,0,0.505051
5,0,0,-1,-1,1,0.277778,0.135659,0.625,0,0.40404
5,0,0,-1,-1,0,0.4,0.112176,0.625,0,0.40404
5,0,0,-1,-1,1,0.388889,0.128462,0.5625,0,0.40404
5,0,0,-1,-1,0,0.488889,0.175632,0.5625,0,0.40404
5,0,7,-1,-1,0,0.333333,0.106701,0.8125,0,0.252525
5,0,18,-1,-1,0,0.366667,0.151045,0.25,0,0.40404
5,0,0,-1,-1,0,0.4,0.125982,0.5625,0,0.40404
5,0,0,-1,-1,1,0.533333,0.123584,0.6875,0,0.565657
5,0,0,-1,-1,1,0.433333,0.118131,0.5625,0,0.40404
5,0,13,-1,-1,0,0.522222,0.14287,0.8125,0,0.454545
5,0,0,-1,-1,0,0.3,0.167922,0.5625,0,0.606061
5,0,0,-1,-1,0,0.333333,0.0886264,0.6875,0,0.606061
5,0,0,-1,-1,0,0.455556,0.130662,0.5625,0,0.444444
5,0,18,-1,-1,0,0.222222,0.100316,0.5625,0,0.40404
5,0,12,-1,-1,0,0.466667,0.139686,0.5625,0,0.121212
5,0,13,-1,-1,1,0.633333,0.14412,0.5625,0,0.30303
5,0,14,-1,-1,1,0.288889,0.0250568,0.8125,0,0.454545
5,0,10,-1,-1,1,0.377778,0.127934,0.625,0,0.727273
5,0,0,-1,-1,0,0.266667,0.14375,0.5625,0,0.40404
5,0,0,-1,-1,0,0.566667,0.0943184,0.5625,0,0.40404
5,0,0,-1,-1,0,0.3,0.080909,0.625,0,0.40404
5,0,18,-1,-1,0,0.377778,0.204665,0.3125,0,0.40404
5,0,0,-1,-1,0,0.355556,0.130148,0.5625,0,0.40404
5,0,17,-1,-1,0,0.522222,0.307577,0.25,0,0.40404
5,0,14,-1,-1,1,0.277778,0.0829006,0.8125,0,0.40404
5,0,0,-1,-1,1,0.333333,0.129168,0.5625,0,0.40404
5,0,13,-1,-1,0,0.511111,0.245536,0.8125,0.0861409,0.40404
5,0,8,-1,-1,0,0.588889,0.154553,0.875,0,0.555556
5,0,0,-1,-1,1,0.344444,0.128831,0.6875,0,0.40404
5,0,18,-1,-1,0,0.266667,0.0730751,0.5625,0,0.40404
5,0,14,-1,-1,1,0.233333,0.0967074,0.8125,0,0.454545
5,0,13,-1,-1,0,0.644444,0.125537,1,0,0.0808081
5,0,0,-1,-1,0,0.444444,0.151836,0.625,0,0.454545
5,0,0,-1,-1,0,0.466667,0.0201804,0.5625,0,0.40404
5,0,0,-1,-1,0,0.355556,0.133502,0.6875,0,0.40404
5,0,12,-1,-1,1,0.5,0.12051,0.3125,0,0.151515
5,0,0,-1,-1,0,0.355556,0.165271,0.5625,0,0.606061
5,0,8,-1,-1,1,0.588889,0.149337,0.875,0.143441,0.505051
5,0,0,-1,-1,0,0.4,0.119826,0.625,0,0.656566
5,0,0,-1,-1,0,0.344444,0.267708,0.5625,0,0.40404
5,0,0,-1,-1,0,0.5,0.0997983,0.6875,0.150242,0.40404
5,0,13,-1,-1,1,0.455556,0.0976268,0.8125,0,0.40404
5,0,0,-1,-1,0,0.466667,0.267626,0.5625,0.0332503,0.40404
5,0,0,-1,-1,0,0.5,0.160561,0.625,0,0.40404
5,0,0,-1,-1,0,0.333333,0.123674,0.5625,0,0.454545
5,0,0,-1,-1,0,0.422222,0.0228833,0.5625,0,0.40404
5,0,0,-1,-1,0,0.3,0.119002,0.5625,0,0.40404
5,0,0,-1,-1,0,0.644444,0.138351,0.5625,0,0.40404
5,0,6,-1,-1,0,0.433333,0.167336,0.1875,0,0.40404
5,0,13,-1,-1,1,0.433333,0.122545,0.8125,0,0.353535
5,0,15,-1,-1,1,0.544444,0.0487592,0.3125,0,0.40404
5,0,0,-1,-1,0,0.4,0.0399494,0.625,0,0.40404
5,0,0,-1,-1,0,0.5,0.237766,0.5625,0,0.40404
5,1,5,-1,-1,1,0.266667,0.140652,1,0,1
5,1,11,-1,-1,1,0.255556,0.414471,0.8125,0,0.40404
5,0,0,-1,-1,0,0.466667,0.131681,0.4375,0,0.40404
5,0,0,-1,-1,0,0.466667,0.100498,0.8125,0.0729807,0.454545
5,0,0,-1,-1,0,0.422222,0.220169,0.6875,0,0.454545
5,0,13,-1,-1,1,0.666667,0.128431,0.6875,0,0.373737
5,0,18,-1,-1,0,0.211111,0.0888944,0.625,0,0.40404
5,0,4,-1,-1,0,0.622222,0.159446,0.125,0,0.252525
5,0,0,-1,-1,0,0.3,0.100777,0.625,0,0.30303
5,0,17,-1,-1,0,0.244444,0.373352,0.3125,0,0.353535
5,0,14,-1,-1,0,0.366667,0.130184,0.8125,0,0.383838
5,0,0,-1,-1,0,0.255556,0.204162,0.625,0,0.30303
5,0,0,-1,-1,1,0.277778,0.274098,0.5625,0,0.40404
5,0,0,-1,-1,1,0.266667,0.108869,0.5625,0,0.40404
5,0,0,-1,-1,0,0.388889,0.0949111,0.8125,0,0.40404
5,0,7,-1,-1,0,0.366667,0.0692959,0.8125,0,0.20202
5,0,8,-1,-1,0,0.522222,0.177848,0.8125,0.150242,0.505051
5,0,0,-1,-1,0,0.555556,0.13154,0.625,0,0.505051
5,0,12,-1,-1,1,0.4,0.234405,0.375,0,0.242424
5,0,0,-1,-1,1,0.577778,0.0199521,0.5,0,0.40404
5,0,0,-1,-1,0,0.366667,0.0927282,0.5625,0,0.40404
5,1,2,-1,-1,0,0.388889,0.826146,0.8125,0,0.525253
5,0,0,-1,-1,1,0.555556,0.101687,0.5625,0,0.40404
5,0,0,-1,-1,1,0.455556,0.190586,0.625,0,0.40404
5,0,14,-1,-1,0,0.288889,0.0809844,0.8125,0.0332503,0.40404
5,0,13,-1,-1,1,0.577778,0.0761727,0.8125,0,0.40404
5,0,0,-1,-1,1,0.677778,0.113594,0.5625,0,0.40404
5,0,0,-1,-1,0,0.455556,0.238122,0.5625,0,0.40404
5,0,7,-1,-1,0,0.288889,0.121833,0.875,0,0.30303
5,0,0,-1,-1,1,0.477778,0.0963464,0.5625,0,0.40404
5,0,15,-1,-1,0,0.688889,0.0554912,0.5625,0.105661,0.40404
5,0,0,-1,-1,0,0.4,0.249724,0.5625,0,0.606061
5,0,8,-1,-1,0,0.477778,0.233259,0.875,0,0.454545
5,0,0,-1,-1,0,0.377778,0.0766738,0.625,0,0.454545
5,0,0,-1,-1,1,0.3,0.240686,0.5625,0,0.505051
5,0,0,-1,-1,1,0.4,0.202619,0.75,0,0.424242
5,0,0,-1,-1,0,0.444444,0.15556,0.625,0,0.40404
5,0,14,-1,-1,0,0.366667,0.0777905,1,0,0.606061
5,0,0,-1,-1,0,0.388889,0.11005,0.625,0,0.40404
5,0,0,-1,-1,0,0.277778,0.119227,0.5625,0,0.373737
5,0,6,-1,-1,1,0.244444,0.14407,0.1875,0,0.40404
5,0,0,-1,-1,1,0.533333,0.117916,0.5625,0,0.40404
5,0,0,-1,-1,1,0.244444,0.145574,0.625,0,0.40404
5,0,0,-1,-1,0,0.388889,0.139558,0.375,0,0.707071
5,0,0,-1,-1,0,0.266667,0.240471,0.625,0,0.40404
5,0,0,-1,-1,0,0.522222,0.183324,0.625,0,0.40404
5,0,0,-1,-1,1,0.322222,0.228396,0.4375,0.0341803,0.484848
5,0,15,-1,-1,1,0.755556,0.193216,0.25,0,0.40404
5,0,14,-1,-1,0,0.288889,0.121881,0.875,0,0.505051
5,0,0,-1,-1,0,0.4,0.148646,0.5625,0,0.40404
5,0,0,-1,-1,0,0.588889,0.112919,0.5625,0,0.40404
5,1,17,-1,-1,0,0.377778,0.460708,0.1875,0,0.40404
5,0,0,-1,-1,0,0.411111,0.0208951,0.5625,0,0.454545
5,0,11,-1,-1,1,0.3,0.246558,0.75,0,0.40404
5,0,14,-1,-1,0,0.277778,0.157784,0.8125,0,0.40404
5,0,0,-1,-1,1,0.433333,0.0517052,0.625,0,0.606061
5,0,18,-1,-1,0,0.233333,0.119694,0.5625,0,0.40404
5,1,7,-1,-1,1,0.311111,0.190591,0.8125,0,0.040404
5,0,12,-1,-1,1,0.5,0.0830354,0.5625,0,0.151515
5,1,1,-1,-1,0,0.433333,0.160263,0.8125,1,0.707071
5,0,0,-1,-1,0,0.633333,0.073845,0.625,0,0.454545
5,0,18,-1,-1,0,0.233333,0.0983118,0.5,0,0.40404
5,0,0,-1,-1,1,0.233333,0.138708,0.625,0,0.40404
5,0,11,-1,-1,0,0.355556,0.175704,0.8125,0,0.40404
5,0,0,-1,-1,1,0.488889,0.23142,0.5625,0.143441,0.40404
5,0,0,-1,-1,0,0.566667,0.0985549,0.5625,0,0.282828
5,0,14,-1,-1,1,0.355556,0.0798482,0.875,0,0.454545
5,0,7,-1,-1,1,0.222222,0.110234,0.625,0,0.171717
5,0,15,-1,-1,0,0.677778,0.0470578,0.5625,0,0.40404
5,0,0,-1,-1,0,0.511111,0.14014,0.5625,0,0.40404
5,0,0,-1,-1,0,0.633333,0.0338438,0.625,0,0.40404
5,0,4,-1,-1,0,0.633333,0.0880404,0.125,0,0.222222
5,0,14,-1,-1,1,0.333333,0.087612,0.8125,0,0.454545
5,0,0,-1,-1,0,0.622222,0.0462435,0.625,0,0.40404
5,0,13,-1,-1,0,0.544444,0.122278,0.75,0,0.30303
5,0,0,-1,-1,0,0.666667,0.151126,0.5625,0,0.40404
5,0,14,-1,-1,0,0.355556,0.137901,0.8125,0,0.40404
5,0,13,-1,-1,0,0.633333,0.0212379,0.8125,0,0.40404
5,0,7,-1,-1,1,0.3,0.105419,0.625,0,0.20202
5,0,0,-1,-1,0,0.466667,0.236519,0.625,0,0.40404
5,0,7,-1,-1,0,0.288889,0.0228591,0.625,0,0.20202
5,0,0,-1,-1,0,0.388889,0.087288,0.625,0,0.464646
5,0,14,-1,-1,0,0.366667,0.160915,1,0,0.606061
5,0,20,-1,-1,1,0.9,0.0772342,0.3125,0.0206202,0.0505051
5,0,11,-1,-1,1,0.355556,0.43132,0.8125,0,0.40404
5,0,15,-1,-1,0,0.766667,0.0596523,0.3125,0.0142401,0.353535
5,0,0,-1,-1,0,0.377778,0.203926,0.625,0,0.606061
5,0,0,-1,-1,0,0.466667,0.0758447,0.5625,0,0.505051
5,0,18,-1,-1,1,0.233333,0.023241,0.5625,0,0.353535
5,0,0,-1,-1,1,0.677778,0.0954701,0.5625,0,0.40404
5,0,13,-1,-1,1,0.6,0.0841009,0.625,0,0.353535
5,0,15,-1,-1,0,0.566667,0.0653362,0.25,0,0.40404
5,0,0,-1,-1,1,0.233333,0.141094,0.625,0,0.474747
5,0,15,-1,-1,1,0.655556,0.155518,0.3125,0,0.40404
5,0,0,-1,-1,0,0.344444,0.0692959,0.5625,0,0.505051
5,0,13,-1,-1,1,0.477778,0.14263,1,0,0.242424
5,0,18,-1,-1,0,0.2,0.21057,0.4375,0,0.252525
5,0,0,-1,-1,0,0.4,0.203147,0.5625,0,0.40404
5,0,12,-1,-1,0,0.244444,0.156923,0.5625,0,0.20202
5,0,0,-1,-1,1,0.5,0.234278,0.5625,0,0.40404
5,0,0,-1,-1,0,0.422222,0.0776013,0.375,0,0.40404
5,0,14,-1,-1,0,0.255556,0.110846,0.75,0,0.40404
5,0,14,-1,-1,1,0.244444,0.0423417,0.75,0,0.40404
5,0,0,-1,-1,0,0.3,0.107512,0.625,0,0.40404
5,0,8,-1,-1,1,0.566667,0.136952,1,0,0.454545
5,0,0,-1,-1,1,0.588889,0.131003,0.4375,0,0.474747
5,0,7,-1,-1,1,0.211111,0.176871,0.5625,0,0.141414
5,0,7,-1,-1,1,0.333333,0.115773,0.9375,0,0.242424
5,0,0,-1,-1,1,0.344444,0.0346675,0.5625,0,0.383838
5,0,0,-1,-1,0,0.388889,0.123188,0.5625,0,0.40404
5,0,0,-1,-1,0,0.311111,0.0214191,0.5625,0,0.606061
5,0,0,-1,-1,1,0.477778,0.0237151,0.625,0,0.40404
5,0,14,-1,-1,0,0.4,0.15049,0.875,0.0768808,0.505051
5,0,0,-1,-1,1,0.322222,0.0201151,0.5625,0,0.505051
5,0,18,-1,-1,0,0.311111,0.0491929,0.375,0,0.30303
